title,url,site
中国已经进入拉尼娜状态,https://www.baidu.com/s?wd=%E4%B8%AD%E5%9B%BD%E5%B7%B2%E7%BB%8F%E8%BF%9B%E5%85%A5%E6%8B%89%E5%B0%BC%E5%A8%9C%E7%8A%B6%E6%80%81,www.baidu.com
习近平：实践证明，对我们“卡脖子”是卡不住的,https://wallstreetcn.com/articles/3761361,wallstreetcn.com
演员何晴去世，四大名著影视剧里都有她的身影,https://m.thepaper.cn/newsDetail_forward_32174129,m.thepaper.cn
三部门发文：更大力度提振消费,https://www.cls.cn/detail/2228883,www.cls.cn
"T1戏耍HLE,Faker首夺K杯冠军",https://tieba.baidu.com/hottopic/browse/hottopic?topic_id=28347968&amp;topic_name=T1%E6%88%8F%E8%80%8DHLE%2CFaker%E9%A6%96%E5%A4%BAK%E6%9D%AF%E5%86%A0%E5%86%9B,tieba.baidu.com
澳大利亚邦迪滩枪击事件已致 12 死 29 伤，被定为恐怖袭击，目前情况如何？原因可能是什么？,https://www.zhihu.com/question/1983581645144609394,www.zhihu.com
我国已经进入拉尼娜状态,https://s.weibo.com/weibo?q=%23%E6%88%91%E5%9B%BD%E5%B7%B2%E7%BB%8F%E8%BF%9B%E5%85%A5%E6%8B%89%E5%B0%BC%E5%A8%9C%E7%8A%B6%E6%80%81%23&t=31&band_rank=2&Refer=top,s.weibo.com
T1夺得K杯冠军,https://search.bilibili.com/all?keyword=T1%E5%A4%BA%E5%BE%97K%E6%9D%AF%E5%86%A0%E5%86%9B,search.bilibili.com
61岁演员何晴病逝，唯一演齐四大名著的女演员,https://m.thepaper.cn/newsDetail_forward_32173995,m.thepaper.cn
世界周刊之全球首例社媒禁令,https://search.bilibili.com/all?keyword=%E4%B8%96%E7%95%8C%E5%91%A8%E5%88%8A%E4%B9%8B%E5%85%A8%E7%90%83%E9%A6%96%E4%BE%8B%E7%A4%BE%E5%AA%92%E7%A6%81%E4%BB%A4,search.bilibili.com
日本被指正谋划“太空珍珠港事件”,https://news.ifeng.com/c/8p58V9lw4YB,news.ifeng.com
"擦边网红撕男友,AA制闹分手",https://tieba.baidu.com/hottopic/browse/hottopic?topic_id=28347967&amp;topic_name=%E6%93%A6%E8%BE%B9%E7%BD%91%E7%BA%A2%E6%92%95%E7%94%B7%E5%8F%8B%2CAA%E5%88%B6%E9%97%B9%E5%88%86%E6%89%8B,tieba.baidu.com
王曼昱击败蒯曼夺冠,https://www.douyin.com/hot/2336464,www.douyin.com
巨变酝酿中？美国财政部将“合并”美联储，贝森特才是真正的“影子联储主席”,https://wallstreetcn.com/articles/3761358,wallstreetcn.com
下周重磅日程：超级央行周，中美关键数据，字节火山引擎和摩尔线程大会备受关注,https://wallstreetcn.com/articles/3761256,wallstreetcn.com
11条政策措施更大力度提振消费,https://www.toutiao.com/trending/7583614906374193193/,www.toutiao.com
“神仙打架”被中国科学家终结,https://www.baidu.com/s?wd=%E2%80%9C%E7%A5%9E%E4%BB%99%E6%89%93%E6%9E%B6%E2%80%9D%E8%A2%AB%E4%B8%AD%E5%9B%BD%E7%A7%91%E5%AD%A6%E5%AE%B6%E7%BB%88%E7%BB%93,www.baidu.com
想摆脱对华稀土依赖？“日本仍很弱，美国尤其脆皮”,https://news.ifeng.com/c/8p4yCG5LCTq,news.ifeng.com
导师吸血无下限!吧友撕破脸硬刚,https://tieba.baidu.com/hottopic/browse/hottopic?topic_id=28347964&amp;topic_name=%E5%AF%BC%E5%B8%88%E5%90%B8%E8%A1%80%E6%97%A0%E4%B8%8B%E9%99%90%21%E5%90%A7%E5%8F%8B%E6%92%95%E7%A0%B4%E8%84%B8%E7%A1%AC%E5%88%9A,tieba.baidu.com
我国海洋经济迈向高质量,https://www.douyin.com/hot/2336483,www.douyin.com
我国最大淡水湖鄱阳湖跌破极枯水位，通江水体面积减九成,https://m.thepaper.cn/newsDetail_forward_32174141,m.thepaper.cn
宁波通报患儿接受心脏手术后离世：多人被处理，主刀医师免职,https://m.thepaper.cn/newsDetail_forward_32175837,m.thepaper.cn
周末要闻汇总：央行、金融监管总局重磅发声；摩尔线程回应不超75亿买理财,https://www.cls.cn/detail/2228876,www.cls.cn
澳枪击目击者：扫射十分钟 宛如炼狱,https://www.baidu.com/s?wd=%E6%BE%B3%E6%9E%AA%E5%87%BB%E7%9B%AE%E5%87%BB%E8%80%85%EF%BC%9A%E6%89%AB%E5%B0%84%E5%8D%81%E5%88%86%E9%92%9F+%E5%AE%9B%E5%A6%82%E7%82%BC%E7%8B%B1,www.baidu.com
万科三个展期议案均未获通过，仍有5个工作日宽限期,https://wallstreetcn.com/articles/3761355,wallstreetcn.com
机器人年终盘点①：宇树科技官宣IPO，掀起行业资本浪潮,https://www.cls.cn/detail/2228623,www.cls.cn
至少173场！侵华日军制造惨案不止南京大屠杀,https://v.ifeng.com/c/8p4Yug9ZyrW,v.ifeng.com
3名美国人在叙遇袭身亡，特朗普：将严厉报复,https://news.ifeng.com/c/8p51GzC9IVg,news.ifeng.com
"美帝背后撑腰,日网友在线放狠话",https://tieba.baidu.com/hottopic/browse/hottopic?topic_id=28347966&amp;topic_name=%E7%BE%8E%E5%B8%9D%E8%83%8C%E5%90%8E%E6%92%91%E8%85%B0%2C%E6%97%A5%E7%BD%91%E5%8F%8B%E5%9C%A8%E7%BA%BF%E6%94%BE%E7%8B%A0%E8%AF%9D,tieba.baidu.com
悉尼致16死枪击案枪手系父子,https://www.toutiao.com/trending/7583025359252409862/,www.toutiao.com
彩虹7成功首飞,https://search.bilibili.com/all?keyword=%E5%BD%A9%E8%99%B97%E6%88%90%E5%8A%9F%E9%A6%96%E9%A3%9E,search.bilibili.com
泽连斯基：放弃加入北约,https://news.ifeng.com/c/8p5IUcLNoQ1,news.ifeng.com
美国特使称美乌柏林会谈取得“重大进展”,https://news.ifeng.com/c/8p5rPWB09j7,news.ifeng.com
张本智和冠军,https://s.weibo.com/weibo?q=%E5%BC%A0%E6%9C%AC%E6%99%BA%E5%92%8C%E5%86%A0%E5%86%9B&t=31&band_rank=1&Refer=top,s.weibo.com
泰军方称柬埔寨使用火箭炮袭击平民,https://www.toutiao.com/trending/7582903450829897771/,www.toutiao.com
张本智和合影被礼花吓到瞬间弹起,https://www.toutiao.com/trending/7582945113974882313/,www.toutiao.com
中国乒协回应孙颖莎王楚钦退赛,https://www.baidu.com/s?wd=%E4%B8%AD%E5%9B%BD%E4%B9%92%E5%8D%8F%E5%9B%9E%E5%BA%94%E5%AD%99%E9%A2%96%E8%8E%8E%E7%8E%8B%E6%A5%9A%E9%92%A6%E9%80%80%E8%B5%9B,www.baidu.com
近一个月21家A股上市公司公告终止并购重组 热门国产算力芯片龙头赫然在列,https://www.cls.cn/detail/2228757,www.cls.cn
澳大利亚海滩枪击已致16死,https://www.douyin.com/hot/2336336,www.douyin.com
2025WTT 总决赛男单决赛，张本智和 4 比 2 莫雷加德夺冠，如何评价这场比赛？,https://www.zhihu.com/question/1983655944941495641,www.zhihu.com
如何评价格力、小米、奥克斯、美的等空调企业推动铝代铜国家标准落地？将产生哪些影响？,https://www.zhihu.com/question/1982910183408682974,www.zhihu.com
人形机器人细分龙头年内涨超300% 梳理产业链成本占比居前A股名单,https://www.cls.cn/detail/2228749,www.cls.cn
聚焦经济社会发展,https://s.weibo.com/weibo?q=%23%E8%81%9A%E7%84%A6%E7%BB%8F%E6%B5%8E%E7%A4%BE%E4%BC%9A%E5%8F%91%E5%B1%95%23&t=31&band_rank=3&Refer=top,s.weibo.com
加强商务和金融协同更大力度提振消费,https://s.weibo.com/weibo?q=%23%E5%8A%A0%E5%BC%BA%E5%95%86%E5%8A%A1%E5%92%8C%E9%87%91%E8%9E%8D%E5%8D%8F%E5%90%8C%E6%9B%B4%E5%A4%A7%E5%8A%9B%E5%BA%A6%E6%8F%90%E6%8C%AF%E6%B6%88%E8%B4%B9%23&t=31&band_rank=3&Refer=top,s.weibo.com
澳总理：枪击案是针对澳犹太人恐袭,https://www.toutiao.com/trending/7583649962758209572/,www.toutiao.com
河南省委书记暗访嵩山少林,https://www.toutiao.com/trending/7583718025950969866/,www.toutiao.com
小城，何以生机勃勃丨长三角“成就”小城广德,https://m.thepaper.cn/newsDetail_forward_32096945,m.thepaper.cn
六小龄童、马德华等悼念何晴：北京初雪带走一代古典美人,https://m.thepaper.cn/newsDetail_forward_32175511,m.thepaper.cn
张本智和夺冠,https://search.bilibili.com/all?keyword=%E5%BC%A0%E6%9C%AC%E6%99%BA%E5%92%8C%E5%A4%BA%E5%86%A0,search.bilibili.com
"国乒缺席外协捡漏,张本男单夺冠",https://tieba.baidu.com/hottopic/browse/hottopic?topic_id=28347969&amp;topic_name=%E5%9B%BD%E4%B9%92%E7%BC%BA%E5%B8%AD%E5%A4%96%E5%8D%8F%E6%8D%A1%E6%BC%8F%2C%E5%BC%A0%E6%9C%AC%E7%94%B7%E5%8D%95%E5%A4%BA%E5%86%A0,tieba.baidu.com
"乌克兰放弃入北约,到头一场空",https://tieba.baidu.com/hottopic/browse/hottopic?topic_id=28347970&amp;topic_name=%E4%B9%8C%E5%85%8B%E5%85%B0%E6%94%BE%E5%BC%83%E5%85%A5%E5%8C%97%E7%BA%A6%2C%E5%88%B0%E5%A4%B4%E4%B8%80%E5%9C%BA%E7%A9%BA,tieba.baidu.com
王皓生气了,https://s.weibo.com/weibo?q=%E7%8E%8B%E7%9A%93%E7%94%9F%E6%B0%94%E4%BA%86&t=31&band_rank=4&Refer=top,s.weibo.com
美术馆回应黄金凤冠被男童触碰损坏,https://s.weibo.com/weibo?q=%23%E7%BE%8E%E6%9C%AF%E9%A6%86%E5%9B%9E%E5%BA%94%E9%BB%84%E9%87%91%E5%87%A4%E5%86%A0%E8%A2%AB%E7%94%B7%E7%AB%A5%E8%A7%A6%E7%A2%B0%E6%8D%9F%E5%9D%8F%23&t=31&band_rank=4&Refer=top,s.weibo.com
25-26 赛季德甲乒乓球联赛，樊振东 3:0 奇里塔，如何评价本场比赛？,https://www.zhihu.com/question/1983656274945134605,www.zhihu.com
学生卖冰糖葫芦被掀摊，警方通报掀摊者系争抢客源，已被行拘，如何看待这一社会现象？,https://www.zhihu.com/question/1983523192078344732,www.zhihu.com
泽连斯基：乌克兰已放弃加入北约,https://www.toutiao.com/trending/7583679725747310134/,www.toutiao.com
邓亚萍谈张本夺冠：意志品质更顽强,https://www.toutiao.com/trending/7583741732785753663/,www.toutiao.com
华尔街见闻早餐FM-Radio | 2025年12月15日,https://wallstreetcn.com/articles/3761333,wallstreetcn.com
悉尼邦迪滩枪击事件12人死亡,https://search.bilibili.com/all?keyword=%E6%82%89%E5%B0%BC%E9%82%A6%E8%BF%AA%E6%BB%A9%E6%9E%AA%E5%87%BB%E4%BA%8B%E4%BB%B612%E4%BA%BA%E6%AD%BB%E4%BA%A1,search.bilibili.com
RW战胜JDG,https://s.weibo.com/weibo?q=%23RW%E6%88%98%E8%83%9CJDG%23&t=31&band_rank=5&Refer=top,s.weibo.com
现在就出发3,https://s.weibo.com/weibo?q=%E7%8E%B0%E5%9C%A8%E5%B0%B1%E5%87%BA%E5%8F%913&t=31&band_rank=5&Refer=top,s.weibo.com
盘点爱你老己背后的心理学,https://www.douyin.com/hot/2336225,www.douyin.com
如果王健林高峰时不扩张，依靠全国几百个万达广场收租，能否守住万达这片江山?,https://www.zhihu.com/question/1911518405565060612,www.zhihu.com
事关胜宏科技、金力永磁等多只热门股，深证成指、创业板指等指数样本股明日调整,https://www.cls.cn/detail/2229026,www.cls.cn
澳枪击目击者：扫射十分钟 宛如炼狱,https://www.toutiao.com/trending/7583725824835079690/,www.toutiao.com
满级护士智斗神兽没输过,https://www.douyin.com/hot/2336279,www.douyin.com
泽连斯基称乌克兰放弃加入北约,https://search.bilibili.com/all?keyword=%E6%B3%BD%E8%BF%9E%E6%96%AF%E5%9F%BA%E7%A7%B0%E4%B9%8C%E5%85%8B%E5%85%B0%E6%94%BE%E5%BC%83%E5%8A%A0%E5%85%A5%E5%8C%97%E7%BA%A6,search.bilibili.com
火锅界有自己的赛级老吃家,https://www.douyin.com/hot/2335974,www.douyin.com
女子240万转错账户 对方欠银行700万,https://www.baidu.com/s?wd=%E5%A5%B3%E5%AD%90240%E4%B8%87%E8%BD%AC%E9%94%99%E8%B4%A6%E6%88%B7+%E5%AF%B9%E6%96%B9%E6%AC%A0%E9%93%B6%E8%A1%8C700%E4%B8%87,www.baidu.com
超级央行周来了！日本带头加息，发达国家央行“降息周期”进入尾声，明年美联储“独自降息”？,https://wallstreetcn.com/articles/3761359,wallstreetcn.com
河南省委书记暗访嵩山少林,https://www.baidu.com/s?wd=%E6%B2%B3%E5%8D%97%E7%9C%81%E5%A7%94%E4%B9%A6%E8%AE%B0%E6%9A%97%E8%AE%BF%E5%B5%A9%E5%B1%B1%E5%B0%91%E6%9E%97,www.baidu.com
感染艾滋病老人称死也不能丢脸,https://s.weibo.com/weibo?q=%23%E6%84%9F%E6%9F%93%E8%89%BE%E6%BB%8B%E7%97%85%E8%80%81%E4%BA%BA%E7%A7%B0%E6%AD%BB%E4%B9%9F%E4%B8%8D%E8%83%BD%E4%B8%A2%E8%84%B8%23&t=31&band_rank=22&Refer=top,s.weibo.com
专家谈日本开始军事介入南海,https://www.douyin.com/hot/2336271,www.douyin.com
2025热梗年度套娃,https://search.bilibili.com/all?keyword=2025%E7%83%AD%E6%A2%97%E5%B9%B4%E5%BA%A6%E5%A5%97%E5%A8%83,search.bilibili.com
女子吐槽花 7000 元吃漂亮饭拍照不让开闪光，商家称会影响其他顾客，如何看待此事？,https://www.zhihu.com/question/1983166173697766636,www.zhihu.com
WPS 和 Ms office 哪个更先进？,https://www.zhihu.com/question/1886569593654445316,www.zhihu.com
万科债务展期议案为何0通过,https://search.bilibili.com/all?keyword=%E4%B8%87%E7%A7%91%E5%80%BA%E5%8A%A1%E5%B1%95%E6%9C%9F%E8%AE%AE%E6%A1%88%E4%B8%BA%E4%BD%950%E9%80%9A%E8%BF%87,search.bilibili.com
我堆的不是雪人是白月光,https://www.douyin.com/hot/2335807,www.douyin.com
美国布朗大学 2025 年 12 月 13 日发生枪击事件，致 2 死 8 伤，嫌疑人仍在逃，具体情况如何？,https://www.zhihu.com/question/1983427558025488018,www.zhihu.com
央视曝光20倍暴利假陈皮,https://www.baidu.com/s?wd=%E5%A4%AE%E8%A7%86%E6%9B%9D%E5%85%8920%E5%80%8D%E6%9A%B4%E5%88%A9%E5%81%87%E9%99%88%E7%9A%AE,www.baidu.com
跨年行情怎么看？明年机会如何布局？十大券商策略来了,https://www.cls.cn/detail/2228986,www.cls.cn
千亿市值背后的资本棋局：解码A股光模块“三剑客”发家史,https://www.cls.cn/detail/2228836,www.cls.cn
华尔街投行：明年更大的风险不是“美国衰退导致市场崩盘”，而是“市场崩盘导致美国衰退”,https://wallstreetcn.com/articles/3761360,wallstreetcn.com
一天多次涨价还断货！飞天茅台批价逼近1600元关口，经销商称茅台推出控量政策,https://m.thepaper.cn/newsDetail_forward_32174131,m.thepaper.cn
悉尼枪击案惊险一幕：男子从背后靠近枪手，与其扭打成功夺枪,https://news.ifeng.com/c/8p5AYuZvyvU,news.ifeng.com
德不配位!33号拿TGA独游惹众怒,https://tieba.baidu.com/hottopic/browse/hottopic?topic_id=28347961&amp;topic_name=%E5%BE%B7%E4%B8%8D%E9%85%8D%E4%BD%8D%2133%E5%8F%B7%E6%8B%BFTGA%E7%8B%AC%E6%B8%B8%E6%83%B9%E4%BC%97%E6%80%92,tieba.baidu.com
donk生气崩溃,https://search.bilibili.com/all?keyword=donk%E7%94%9F%E6%B0%94%E5%B4%A9%E6%BA%83,search.bilibili.com
2025热门年度盘点,https://search.bilibili.com/all?keyword=2025%E7%83%AD%E9%97%A8%E5%B9%B4%E5%BA%A6%E7%9B%98%E7%82%B9,search.bilibili.com
“宇宙行”CEO表态支持，预测市场对沃什出任新美联储主席概率激增,https://wallstreetcn.com/articles/3761354,wallstreetcn.com
"福瑞控为兽装,暴打亲爷掏养老金",https://tieba.baidu.com/hottopic/browse/hottopic?topic_id=28347962&amp;topic_name=%E7%A6%8F%E7%91%9E%E6%8E%A7%E4%B8%BA%E5%85%BD%E8%A3%85%2C%E6%9A%B4%E6%89%93%E4%BA%B2%E7%88%B7%E6%8E%8F%E5%85%BB%E8%80%81%E9%87%91,tieba.baidu.com
泽连斯基：乌克兰已放弃加入北约,https://www.baidu.com/s?wd=%E6%B3%BD%E8%BF%9E%E6%96%AF%E5%9F%BA%EF%BC%9A%E4%B9%8C%E5%85%8B%E5%85%B0%E5%B7%B2%E6%94%BE%E5%BC%83%E5%8A%A0%E5%85%A5%E5%8C%97%E7%BA%A6,www.baidu.com
马上评｜爱好与工作一定是对立的吗,https://m.thepaper.cn/newsDetail_forward_32176024,m.thepaper.cn
过冬神器第一批受益者已出现,https://www.douyin.com/hot/2336259,www.douyin.com
人民锐评：过度收集信息，应用程序岂能变身“隐私刺客”？,https://m.thepaper.cn/newsDetail_forward_32174285,m.thepaper.cn
清华教授建议放开禁限摩,https://www.baidu.com/s?wd=%E6%B8%85%E5%8D%8E%E6%95%99%E6%8E%88%E5%BB%BA%E8%AE%AE%E6%94%BE%E5%BC%80%E7%A6%81%E9%99%90%E6%91%A9,www.baidu.com
以色列总统谴责澳大利亚枪击事件，称其针对犹太社区,https://news.ifeng.com/c/8p57UTct1ak,news.ifeng.com
冬天到底应该多久洗一次澡,https://www.baidu.com/s?wd=%E5%86%AC%E5%A4%A9%E5%88%B0%E5%BA%95%E5%BA%94%E8%AF%A5%E5%A4%9A%E4%B9%85%E6%B4%97%E4%B8%80%E6%AC%A1%E6%BE%A1,www.baidu.com
11岁的她 救了一个村,https://www.baidu.com/s?wd=11%E5%B2%81%E7%9A%84%E5%A5%B9+%E6%95%91%E4%BA%86%E4%B8%80%E4%B8%AA%E6%9D%91,www.baidu.com
FaZe地狱归来晋级决赛,https://search.bilibili.com/all?keyword=FaZe%E5%9C%B0%E7%8B%B1%E5%BD%92%E6%9D%A5%E6%99%8B%E7%BA%A7%E5%86%B3%E8%B5%9B,search.bilibili.com
雪后颐和园一键切换水墨画,https://www.douyin.com/hot/2335242,www.douyin.com
卫健委答复患癌女子，称「未发现体检结果造假，爱康一门诊部违规被罚 2000 元」，如何看待此事？,https://www.zhihu.com/question/1983218123936069371,www.zhihu.com
近一个月这些上市公司被“踏破门槛”！算力芯片“双龙头”获机构组团调研，机构来访接待量居前的个股名单一览,https://www.cls.cn/detail/2228810,www.cls.cn
"梅西印度演闹剧,球迷砸场泄愤",https://tieba.baidu.com/hottopic/browse/hottopic?topic_id=28347960&amp;topic_name=%E6%A2%85%E8%A5%BF%E5%8D%B0%E5%BA%A6%E6%BC%94%E9%97%B9%E5%89%A7%2C%E7%90%83%E8%BF%B7%E7%A0%B8%E5%9C%BA%E6%B3%84%E6%84%A4,tieba.baidu.com
为什么很多美国人对《麦田里的守望者》评价很高？甚至认为这足以影响他们一生,https://www.zhihu.com/question/29743906,www.zhihu.com
高速遇车祸 小伙车流中摆300米雪花桶,https://www.toutiao.com/trending/7582914982888849450/,www.toutiao.com
收取茶位费需提前告知！广东三行业“诚信价格”行为指引公开征求意见,https://m.thepaper.cn/newsDetail_forward_32174382,m.thepaper.cn
2026年量产，能取代GPU的QPU要来了？,https://www.cls.cn/detail/2227971,www.cls.cn
央视曝光20倍暴利假陈皮,https://s.weibo.com/weibo?q=%23%E5%A4%AE%E8%A7%86%E6%9B%9D%E5%85%8920%E5%80%8D%E6%9A%B4%E5%88%A9%E5%81%87%E9%99%88%E7%9A%AE%23&t=31&band_rank=8&Refer=top,s.weibo.com
轰轰烈烈的大学生春晚又要开始了,https://www.douyin.com/hot/2335710,www.douyin.com
全国各地陆续迎来“大回暖”,https://www.toutiao.com/trending/7583316635524694042/,www.toutiao.com
护理流感儿童这些错误不能犯,https://www.baidu.com/s?wd=%E6%8A%A4%E7%90%86%E6%B5%81%E6%84%9F%E5%84%BF%E7%AB%A5%E8%BF%99%E4%BA%9B%E9%94%99%E8%AF%AF%E4%B8%8D%E8%83%BD%E7%8A%AF,www.baidu.com
10月净买入49吨！央行购金依然强劲，高盛：“代币化黄金”目前还非金价主力,https://wallstreetcn.com/articles/3761367,wallstreetcn.com
警方称邦迪海滩枪击事件为恐怖袭击,https://news.ifeng.com/c/8p5E6Ja8rZw,news.ifeng.com
我国在这一领域实现重大跨越,https://www.douyin.com/hot/2336480,www.douyin.com
王楚钦因伤退赛，莫雷加德晋级WTT总决赛男单决赛,https://m.thepaper.cn/newsDetail_forward_32174683,m.thepaper.cn
马克龙再次盛赞33号远征队,https://search.bilibili.com/all?keyword=%E9%A9%AC%E5%85%8B%E9%BE%99%E5%86%8D%E6%AC%A1%E7%9B%9B%E8%B5%9E33%E5%8F%B7%E8%BF%9C%E5%BE%81%E9%98%9F,search.bilibili.com
习近平：实践证明，对我们“卡脖子”是卡不住的,https://www.cls.cn/detail/2228846,www.cls.cn
LPL努力担当!AL全员赴韩集训,https://tieba.baidu.com/hottopic/browse/hottopic?topic_id=28347963&amp;topic_name=LPL%E5%8A%AA%E5%8A%9B%E6%8B%85%E5%BD%93%21AL%E5%85%A8%E5%91%98%E8%B5%B4%E9%9F%A9%E9%9B%86%E8%AE%AD,tieba.baidu.com
草莓真是残存农药最多的水果吗,https://www.toutiao.com/trending/7583524483064791067/,www.toutiao.com
商务部等三部门：加强商务和金融协同，更大力度提振消费,https://wallstreetcn.com/articles/3761365,wallstreetcn.com
全国多地公安交通管理部门陆续更名，强调职能调整,https://m.thepaper.cn/newsDetail_forward_32175272,m.thepaper.cn
世界周刊之俄乌和谈拉锯战,https://search.bilibili.com/all?keyword=%E4%B8%96%E7%95%8C%E5%91%A8%E5%88%8A%E4%B9%8B%E4%BF%84%E4%B9%8C%E5%92%8C%E8%B0%88%E6%8B%89%E9%94%AF%E6%88%98,search.bilibili.com
从香蕉到锂矿，美国薅了拉美200年羊毛,https://v.ifeng.com/c/8p4Yug9ZyrX,v.ifeng.com
"绿龙惨败小蜜蜂,donk红温爆哭",https://tieba.baidu.com/hottopic/browse/hottopic?topic_id=28347957&amp;topic_name=%E7%BB%BF%E9%BE%99%E6%83%A8%E8%B4%A5%E5%B0%8F%E8%9C%9C%E8%9C%82%2Cdonk%E7%BA%A2%E6%B8%A9%E7%88%86%E5%93%AD,tieba.baidu.com
芬兰小姐手拉眼睛拍照涉嫌歧视中国,https://s.weibo.com/weibo?q=%23%E8%8A%AC%E5%85%B0%E5%B0%8F%E5%A7%90%E6%89%8B%E6%8B%89%E7%9C%BC%E7%9D%9B%E6%8B%8D%E7%85%A7%E6%B6%89%E5%AB%8C%E6%AD%A7%E8%A7%86%E4%B8%AD%E5%9B%BD%23&t=31&band_rank=10&Refer=top,s.weibo.com
老钱风穿搭承包新年高级感,https://www.douyin.com/hot/2335925,www.douyin.com
「学霸不需要补课，学渣补了也没用，中等天赋不够，补了也提不了分，培训机构纯賺钱」如何评价这句话？,https://www.zhihu.com/question/1980584957224171354,www.zhihu.com
朋友聚餐 9 人逃单只剩 1 人，组织者称「我也没钱」，责任该怎样划分？参与者都应该分摊饭钱吗？,https://www.zhihu.com/question/1982472597435348814,www.zhihu.com
“重庆一大桥发生沉降”系谣言,https://www.baidu.com/s?wd=%E2%80%9C%E9%87%8D%E5%BA%86%E4%B8%80%E5%A4%A7%E6%A1%A5%E5%8F%91%E7%94%9F%E6%B2%89%E9%99%8D%E2%80%9D%E7%B3%BB%E8%B0%A3%E8%A8%80,www.baidu.com
紫晶存储欺诈发行案宣判：10名高管全部领刑，1.7万投资者获赔超10亿元,https://m.thepaper.cn/newsDetail_forward_32173635,m.thepaper.cn
EXO咆哮开场,https://search.bilibili.com/all?keyword=EXO%E5%92%86%E5%93%AE%E5%BC%80%E5%9C%BA,search.bilibili.com
【早报】多家上市公司拟对磷酸铁锂产品提价；摩尔线程回应不超75亿买理财,https://www.cls.cn/detail/2228803,www.cls.cn
9天涨粉400万，“蛋神”回应爆火：不知道自己凭啥火，怕说错话,https://news.ifeng.com/c/8p56v1rdFLY,news.ifeng.com
"遇流浪汉捧花,小资姐把苦难当浪漫",https://tieba.baidu.com/hottopic/browse/hottopic?topic_id=28347956&amp;topic_name=%E9%81%87%E6%B5%81%E6%B5%AA%E6%B1%89%E6%8D%A7%E8%8A%B1%2C%E5%B0%8F%E8%B5%84%E5%A7%90%E6%8A%8A%E8%8B%A6%E9%9A%BE%E5%BD%93%E6%B5%AA%E6%BC%AB,tieba.baidu.com
巨人观的水果尸体慢慢浮出水面,https://s.weibo.com/weibo?q=%23%E5%B7%A8%E4%BA%BA%E8%A7%82%E7%9A%84%E6%B0%B4%E6%9E%9C%E5%B0%B8%E4%BD%93%E6%85%A2%E6%85%A2%E6%B5%AE%E5%87%BA%E6%B0%B4%E9%9D%A2%23&t=31&band_rank=11&Refer=top,s.weibo.com
重庆一大桥发生沉降？假的,https://www.toutiao.com/trending/7583213705895395355/,www.toutiao.com
曾经高攀不起的玛莎拉蒂只卖35万了,https://www.baidu.com/s?wd=%E6%9B%BE%E7%BB%8F%E9%AB%98%E6%94%80%E4%B8%8D%E8%B5%B7%E7%9A%84%E7%8E%9B%E8%8E%8E%E6%8B%89%E8%92%82%E5%8F%AA%E5%8D%9635%E4%B8%87%E4%BA%86,www.baidu.com
约车“张冠李戴”、司机收入缩水，网络货运消费乱象调查,https://m.thepaper.cn/newsDetail_forward_32174689,m.thepaper.cn
绝区零般岳EP,https://search.bilibili.com/all?keyword=%E7%BB%9D%E5%8C%BA%E9%9B%B6%E8%88%AC%E5%B2%B3EP,search.bilibili.com
商家“大字宣传，小字提醒”，消费者产生误解起诉3倍赔偿,https://news.ifeng.com/c/8p56v1rdF9z,news.ifeng.com
"医保局出手,明年生娃基本不花钱",https://tieba.baidu.com/hottopic/browse/hottopic?topic_id=28347949&amp;topic_name=%E5%8C%BB%E4%BF%9D%E5%B1%80%E5%87%BA%E6%89%8B%2C%E6%98%8E%E5%B9%B4%E7%94%9F%E5%A8%83%E5%9F%BA%E6%9C%AC%E4%B8%8D%E8%8A%B1%E9%92%B1,tieba.baidu.com
官方辟谣彭州地震致房屋倒塌,https://www.douyin.com/hot/2335709,www.douyin.com
为什么《权力的游戏》龙母的龙傲天之路无法让人激动？,https://www.zhihu.com/question/68742650,www.zhihu.com
杭州一学校给学生发奖状被单,https://www.baidu.com/s?wd=%E6%9D%AD%E5%B7%9E%E4%B8%80%E5%AD%A6%E6%A0%A1%E7%BB%99%E5%AD%A6%E7%94%9F%E5%8F%91%E5%A5%96%E7%8A%B6%E8%A2%AB%E5%8D%95,www.baidu.com
2025年度爆梗盘点,https://search.bilibili.com/all?keyword=2025%E5%B9%B4%E5%BA%A6%E7%88%86%E6%A2%97%E7%9B%98%E7%82%B9,search.bilibili.com
"鸭科夫mod拉黑玩家,官方跪求解封",https://tieba.baidu.com/hottopic/browse/hottopic?topic_id=28347954&amp;topic_name=%E9%B8%AD%E7%A7%91%E5%A4%ABmod%E6%8B%89%E9%BB%91%E7%8E%A9%E5%AE%B6%2C%E5%AE%98%E6%96%B9%E8%B7%AA%E6%B1%82%E8%A7%A3%E5%B0%81,tieba.baidu.com
iPhone面容ID还可以这么用,https://s.weibo.com/weibo?q=iPhone%E9%9D%A2%E5%AE%B9ID%E8%BF%98%E5%8F%AF%E4%BB%A5%E8%BF%99%E4%B9%88%E7%94%A8&t=31&band_rank=13&Refer=top,s.weibo.com
美布朗大学枪击案已致2死8重伤，枪手仍未被捕,https://m.thepaper.cn/newsDetail_forward_32173764,m.thepaper.cn
中国古人如何熬过寒冷冬天,https://search.bilibili.com/all?keyword=%E4%B8%AD%E5%9B%BD%E5%8F%A4%E4%BA%BA%E5%A6%82%E4%BD%95%E7%86%AC%E8%BF%87%E5%AF%92%E5%86%B7%E5%86%AC%E5%A4%A9,search.bilibili.com
仙王的日常生活5开播,https://search.bilibili.com/all?keyword=%E4%BB%99%E7%8E%8B%E7%9A%84%E6%97%A5%E5%B8%B8%E7%94%9F%E6%B4%BB,search.bilibili.com
"电竞水果店开张,选手都是啥水果?",https://tieba.baidu.com/hottopic/browse/hottopic?topic_id=28347947&amp;topic_name=%E7%94%B5%E7%AB%9E%E6%B0%B4%E6%9E%9C%E5%BA%97%E5%BC%80%E5%BC%A0%2C%E9%80%89%E6%89%8B%E9%83%BD%E6%98%AF%E5%95%A5%E6%B0%B4%E6%9E%9C%3F,tieba.baidu.com
美伢要闭店了,https://s.weibo.com/weibo?q=%E7%BE%8E%E4%BC%A2%E8%A6%81%E9%97%AD%E5%BA%97%E4%BA%86&t=31&band_rank=14&Refer=top,s.weibo.com
茅台1天4次上调价格 发生了什么,https://www.toutiao.com/trending/7583343061771845670/,www.toutiao.com
一外籍男子带文物出境被查,https://www.baidu.com/s?wd=%E4%B8%80%E5%A4%96%E7%B1%8D%E7%94%B7%E5%AD%90%E5%B8%A6%E6%96%87%E7%89%A9%E5%87%BA%E5%A2%83%E8%A2%AB%E6%9F%A5,www.baidu.com
重庆“10人聚餐9人开溜”续：最晚走客人已付清餐费,https://m.thepaper.cn/newsDetail_forward_32174322,m.thepaper.cn
绵羊花3个月复刻千年前宫廷名菜,https://search.bilibili.com/all?keyword=%E7%BB%B5%E7%BE%8A%E8%8A%B13%E4%B8%AA%E6%9C%88%E5%A4%8D%E5%88%BB%E5%8D%83%E5%B9%B4%E5%89%8D%E5%AE%AB%E5%BB%B7%E5%90%8D%E8%8F%9C,search.bilibili.com
文班亚马复出终结雷霆连胜,https://search.bilibili.com/all?keyword=%E6%96%87%E7%8F%AD%E4%BA%9A%E9%A9%AC%E5%A4%8D%E5%87%BA%E7%BB%88%E7%BB%93%E9%9B%B7%E9%9C%86%E8%BF%9E%E8%83%9C,search.bilibili.com
转生失败!东北雨姐复出被封杀,https://tieba.baidu.com/hottopic/browse/hottopic?topic_id=28347951&amp;topic_name=%E8%BD%AC%E7%94%9F%E5%A4%B1%E8%B4%A5%21%E4%B8%9C%E5%8C%97%E9%9B%A8%E5%A7%90%E5%A4%8D%E5%87%BA%E8%A2%AB%E5%B0%81%E6%9D%80,tieba.baidu.com
乌克兰已放弃加入北约,https://s.weibo.com/weibo?q=%23%E4%B9%8C%E5%85%8B%E5%85%B0%E5%B7%B2%E6%94%BE%E5%BC%83%E5%8A%A0%E5%85%A5%E5%8C%97%E7%BA%A6%23&t=31&band_rank=19&Refer=top,s.weibo.com
泰国战斗机轰炸酒店大楼,https://www.douyin.com/hot/2336579,www.douyin.com
你看过最刺激的足球赛是哪场,https://www.toutiao.com/trending/7583634619111931950/,www.toutiao.com
网红博主4斤重黄金凤冠被男童损毁，律师：责任或应分属监护与策展方,https://m.thepaper.cn/newsDetail_forward_32174134,m.thepaper.cn
梅西印度行发生了什么,https://search.bilibili.com/all?keyword=%E6%A2%85%E8%A5%BF%E5%8D%B0%E5%BA%A6%E8%A1%8C%E5%8F%91%E7%94%9F%E4%BA%86%E4%BB%80%E4%B9%88,search.bilibili.com
12月13日笑料限定,https://tieba.baidu.com/hottopic/browse/hottopic?topic_id=28347958&amp;topic_name=12%E6%9C%8813%E6%97%A5%E7%AC%91%E6%96%99%E9%99%90%E5%AE%9A,tieba.baidu.com
芬兰小姐向中国道歉后又反转,https://www.baidu.com/s?wd=%E8%8A%AC%E5%85%B0%E5%B0%8F%E5%A7%90%E5%90%91%E4%B8%AD%E5%9B%BD%E9%81%93%E6%AD%89%E5%90%8E%E5%8F%88%E5%8F%8D%E8%BD%AC,www.baidu.com
白岩松评张水华事件：如果我是院长，让她去医院的工会带动医护跑步,https://m.thepaper.cn/newsDetail_forward_32174394,m.thepaper.cn
每天一个奇吧—养牛仔裤吧,https://tieba.baidu.com/hottopic/browse/hottopic?topic_id=28347959&amp;topic_name=%E6%AF%8F%E5%A4%A9%E4%B8%80%E4%B8%AA%E5%A5%87%E5%90%A7%E2%80%94%E5%85%BB%E7%89%9B%E4%BB%94%E8%A3%A4%E5%90%A7,tieba.baidu.com
李现拍的雪后故宫,https://s.weibo.com/weibo?q=%23%E6%9D%8E%E7%8E%B0%E6%8B%8D%E7%9A%84%E9%9B%AA%E5%90%8E%E6%95%85%E5%AE%AB%23&t=31&band_rank=17&Refer=top,s.weibo.com
沈佳润唱了沈春阳的樱桃红,https://www.douyin.com/hot/2336472,www.douyin.com
起猛了 看见一只鸟在潜水捕鱼,https://www.baidu.com/s?wd=%E8%B5%B7%E7%8C%9B%E4%BA%86+%E7%9C%8B%E8%A7%81%E4%B8%80%E5%8F%AA%E9%B8%9F%E5%9C%A8%E6%BD%9C%E6%B0%B4%E6%8D%95%E9%B1%BC,www.baidu.com
激战7局不敌张本智和，林诗栋无缘WTT总决赛男单决赛,https://m.thepaper.cn/newsDetail_forward_32174495,m.thepaper.cn
长安二十四计反转爽剧,https://search.bilibili.com/all?keyword=%E9%95%BF%E5%AE%89%E4%BA%8C%E5%8D%81%E5%9B%9B%E8%AE%A1%E5%8F%8D%E8%BD%AC%E7%88%BD%E5%89%A7,search.bilibili.com
"莎头折戟获亚军,下次满血再战",https://tieba.baidu.com/hottopic/browse/hottopic?topic_id=28347955&amp;topic_name=%E8%8E%8E%E5%A4%B4%E6%8A%98%E6%88%9F%E8%8E%B7%E4%BA%9A%E5%86%9B%2C%E4%B8%8B%E6%AC%A1%E6%BB%A1%E8%A1%80%E5%86%8D%E6%88%98,tieba.baidu.com
张呈 拉完了,https://s.weibo.com/weibo?q=%E5%BC%A0%E5%91%88%20%E6%8B%89%E5%AE%8C%E4%BA%86&t=31&band_rank=18&Refer=top,s.weibo.com
向前一步亲子挑战,https://www.douyin.com/hot/2336422,www.douyin.com
一支水银温度计让我们看到什么,https://www.toutiao.com/trending/7583688612626042409/,www.toutiao.com
秦牧小队协力斩杀唤魔者,https://search.bilibili.com/all?keyword=%E7%A7%A6%E7%89%A7%E5%B0%8F%E9%98%9F%E5%8D%8F%E5%8A%9B%E6%96%A9%E6%9D%80%E5%94%A4%E9%AD%94%E8%80%85,search.bilibili.com
"老外上饶遇艳遇,国女主动献香吻",https://tieba.baidu.com/hottopic/browse/hottopic?topic_id=28347950&amp;topic_name=%E8%80%81%E5%A4%96%E4%B8%8A%E9%A5%B6%E9%81%87%E8%89%B3%E9%81%87%2C%E5%9B%BD%E5%A5%B3%E4%B8%BB%E5%8A%A8%E7%8C%AE%E9%A6%99%E5%90%BB,tieba.baidu.com
EXO咆哮开场,https://www.douyin.com/hot/2336250,www.douyin.com
独立游戏应该何去何从,https://search.bilibili.com/all?keyword=%E7%8B%AC%E7%AB%8B%E6%B8%B8%E6%88%8F%E5%BA%94%E8%AF%A5%E4%BD%95%E5%8E%BB%E4%BD%95%E4%BB%8E,search.bilibili.com
"寒冬护校猫,竟被极端爱猫女踢群",https://tieba.baidu.com/hottopic/browse/hottopic?topic_id=28347946&amp;topic_name=%E5%AF%92%E5%86%AC%E6%8A%A4%E6%A0%A1%E7%8C%AB%2C%E7%AB%9F%E8%A2%AB%E6%9E%81%E7%AB%AF%E7%88%B1%E7%8C%AB%E5%A5%B3%E8%B8%A2%E7%BE%A4,tieba.baidu.com
狙击蝴蝶李雾手写信看哭了,https://www.douyin.com/hot/2336195,www.douyin.com
演员何晴去世 曾演遍四大名著,https://www.toutiao.com/trending/7582968978713133065/,www.toutiao.com
何晴生前坚持健身打拳,https://www.baidu.com/s?wd=%E4%BD%95%E6%99%B4%E7%94%9F%E5%89%8D%E5%9D%9A%E6%8C%81%E5%81%A5%E8%BA%AB%E6%89%93%E6%8B%B3,www.baidu.com
"印医生性侵幼童,获重刑牢底坐穿",https://tieba.baidu.com/hottopic/browse/hottopic?topic_id=28347948&amp;topic_name=%E5%8D%B0%E5%8C%BB%E7%94%9F%E6%80%A7%E4%BE%B5%E5%B9%BC%E7%AB%A5%2C%E8%8E%B7%E9%87%8D%E5%88%91%E7%89%A2%E5%BA%95%E5%9D%90%E7%A9%BF,tieba.baidu.com
何晴父母均因脑溢血离世,https://s.weibo.com/weibo?q=%23%E4%BD%95%E6%99%B4%E7%88%B6%E6%AF%8D%E5%9D%87%E5%9B%A0%E8%84%91%E6%BA%A2%E8%A1%80%E7%A6%BB%E4%B8%96%23&t=31&band_rank=21&Refer=top,s.weibo.com
莫雷加德透露王楚钦退赛细节,https://www.baidu.com/s?wd=%E8%8E%AB%E9%9B%B7%E5%8A%A0%E5%BE%B7%E9%80%8F%E9%9C%B2%E7%8E%8B%E6%A5%9A%E9%92%A6%E9%80%80%E8%B5%9B%E7%BB%86%E8%8A%82,www.baidu.com
咸鱼梦想家回归,https://search.bilibili.com/all?keyword=%E5%92%B8%E9%B1%BC%E6%A2%A6%E6%83%B3%E5%AE%B6,search.bilibili.com
五虎上将集结!制裁校园墙魔怔女,https://tieba.baidu.com/hottopic/browse/hottopic?topic_id=28347945&amp;topic_name=%E4%BA%94%E8%99%8E%E4%B8%8A%E5%B0%86%E9%9B%86%E7%BB%93%21%E5%88%B6%E8%A3%81%E6%A0%A1%E5%9B%AD%E5%A2%99%E9%AD%94%E6%80%94%E5%A5%B3,tieba.baidu.com
日本被曝正在谋划“太空珍珠港事件”,https://www.toutiao.com/trending/7582999083653496838/,www.toutiao.com
"5年攒112万,小伙送外卖成富翁",https://tieba.baidu.com/hottopic/browse/hottopic?topic_id=28347943&amp;topic_name=5%E5%B9%B4%E6%94%92112%E4%B8%87%2C%E5%B0%8F%E4%BC%99%E9%80%81%E5%A4%96%E5%8D%96%E6%88%90%E5%AF%8C%E7%BF%81,tieba.baidu.com
女子买二手存钱罐开出2千多现金,https://s.weibo.com/weibo?q=%23%E5%A5%B3%E5%AD%90%E4%B9%B0%E4%BA%8C%E6%89%8B%E5%AD%98%E9%92%B1%E7%BD%90%E5%BC%80%E5%87%BA2%E5%8D%83%E5%A4%9A%E7%8E%B0%E9%87%91%23&t=31&band_rank=23&Refer=top,s.weibo.com
何晴自曝曾打过三次人,https://www.toutiao.com/trending/7583590770272194094/,www.toutiao.com
"离婚后败光积蓄,前妻求复婚遭拒",https://tieba.baidu.com/hottopic/browse/hottopic?topic_id=28347944&amp;topic_name=%E7%A6%BB%E5%A9%9A%E5%90%8E%E8%B4%A5%E5%85%89%E7%A7%AF%E8%93%84%2C%E5%89%8D%E5%A6%BB%E6%B1%82%E5%A4%8D%E5%A9%9A%E9%81%AD%E6%8B%92,tieba.baidu.com
“熊”起!日本年度汉字紧跟时事,https://tieba.baidu.com/hottopic/browse/hottopic?topic_id=28347939&amp;topic_name=%E2%80%9C%E7%86%8A%E2%80%9D%E8%B5%B7%21%E6%97%A5%E6%9C%AC%E5%B9%B4%E5%BA%A6%E6%B1%89%E5%AD%97%E7%B4%A7%E8%B7%9F%E6%97%B6%E4%BA%8B,tieba.baidu.com
神人老师力挺LGBT合法化,https://tieba.baidu.com/hottopic/browse/hottopic?topic_id=28347934&amp;topic_name=%E7%A5%9E%E4%BA%BA%E8%80%81%E5%B8%88%E5%8A%9B%E6%8C%BALGBT%E5%90%88%E6%B3%95%E5%8C%96,tieba.baidu.com
国乒男单无缘5连冠,https://www.toutiao.com/trending/7582591577478922259/,www.toutiao.com
Bin哥双眼皮精修妩媚值拉满,https://tieba.baidu.com/hottopic/browse/hottopic?topic_id=28347931&amp;topic_name=Bin%E5%93%A5%E5%8F%8C%E7%9C%BC%E7%9A%AE%E7%B2%BE%E4%BF%AE%E5%A6%A9%E5%AA%9A%E5%80%BC%E6%8B%89%E6%BB%A1,tieba.baidu.com
何晴曾劝黄绮珊不要整容,https://s.weibo.com/weibo?q=%23%E4%BD%95%E6%99%B4%E6%9B%BE%E5%8A%9D%E9%BB%84%E7%BB%AE%E7%8F%8A%E4%B8%8D%E8%A6%81%E6%95%B4%E5%AE%B9%23&t=31&band_rank=29&Refer=top,s.weibo.com
好友发文悼念何晴,https://www.douyin.com/hot/2336316,www.douyin.com
维京人大战变态辣喜提窜稀套餐,https://tieba.baidu.com/hottopic/browse/hottopic?topic_id=28347933&amp;topic_name=%E7%BB%B4%E4%BA%AC%E4%BA%BA%E5%A4%A7%E6%88%98%E5%8F%98%E6%80%81%E8%BE%A3%E5%96%9C%E6%8F%90%E7%AA%9C%E7%A8%80%E5%A5%97%E9%A4%90,tieba.baidu.com
宋亚轩拍拎帽子也独具抽象,https://www.douyin.com/hot/2336021,www.douyin.com
探秘泰国夜市奇葩美食,https://search.bilibili.com/all?keyword=%E6%8E%A2%E7%A7%98%E6%B3%B0%E5%9B%BD%E5%A4%9C%E5%B8%82%E5%A5%87%E8%91%A9%E7%BE%8E%E9%A3%9F,search.bilibili.com
择偶新标准!宅男竟成婚姻抢手货,https://tieba.baidu.com/hottopic/browse/hottopic?topic_id=28347928&amp;topic_name=%E6%8B%A9%E5%81%B6%E6%96%B0%E6%A0%87%E5%87%86%21%E5%AE%85%E7%94%B7%E7%AB%9F%E6%88%90%E5%A9%9A%E5%A7%BB%E6%8A%A2%E6%89%8B%E8%B4%A7,tieba.baidu.com
张本智和首获WTT总决赛男单冠军,https://www.toutiao.com/trending/7582890677798223922/,www.toutiao.com
莫雷加德透露王楚钦退赛细节,https://www.toutiao.com/trending/7583564096478986276/,www.toutiao.com
澳大利亚海滩枪击事件已致16人死亡,https://news.ifeng.com/c/8p5cjggL1ex,news.ifeng.com
"RW逆袭击败JDG,小俞操作太秀",https://tieba.baidu.com/hottopic/browse/hottopic?topic_id=28347971&amp;topic_name=RW%E9%80%86%E8%A2%AD%E5%87%BB%E8%B4%A5JDG%2C%E5%B0%8F%E4%BF%9E%E6%93%8D%E4%BD%9C%E5%A4%AA%E7%A7%80,tieba.baidu.com
狙击蝴蝶,https://s.weibo.com/weibo?q=%E7%8B%99%E5%87%BB%E8%9D%B4%E8%9D%B6&t=31&band_rank=6&Refer=top,s.weibo.com
难怪李雾整宿整宿睡不着觉,https://s.weibo.com/weibo?q=%23%E9%9A%BE%E6%80%AA%E6%9D%8E%E9%9B%BE%E6%95%B4%E5%AE%BF%E6%95%B4%E5%AE%BF%E7%9D%A1%E4%B8%8D%E7%9D%80%E8%A7%89%23&t=31&band_rank=6&Refer=top,s.weibo.com
再喊爷爷就要把树连根拔起了,https://www.douyin.com/hot/2336205,www.douyin.com
WTT 香港总决赛女单决赛，王曼昱 4-2 蒯曼夺冠，如何评价本场比赛？,https://www.zhihu.com/question/1983589975074239526,www.zhihu.com
请问在香菇上面改十字刀是仪式感吗？,https://www.zhihu.com/question/438692556,www.zhihu.com
泰国空军空袭柬边境桥梁和赌场,https://www.toutiao.com/trending/7583249906426724388/,www.toutiao.com
泰封锁泰国湾限制向柬运输军事物资,https://www.toutiao.com/trending/7583622494583062534/,www.toutiao.com
【早报】更大力度提振消费，三部门最新部署；茅台推出控量政策,https://www.cls.cn/detail/2229090,www.cls.cn
枪击事件已造成12人死亡,https://news.ifeng.com/c/8p5D3n3Jbwi,news.ifeng.com
张本智和窘态百出,https://s.weibo.com/weibo?q=%23%E5%BC%A0%E6%9C%AC%E6%99%BA%E5%92%8C%E7%AA%98%E6%80%81%E7%99%BE%E5%87%BA%23&t=31&band_rank=7&Refer=top,s.weibo.com
电影得闲谨制,https://s.weibo.com/weibo?q=%23%E7%94%B5%E5%BD%B1%E5%BE%97%E9%97%B2%E8%B0%A8%E5%88%B6%23&t=31&band_rank=7&Refer=top,s.weibo.com
5 月龄女婴手术后离世，宁波卫健委通报调查进展，多人被处理，如何看待此事？,https://www.zhihu.com/question/1983628896994813477,www.zhihu.com
央视曝光20倍暴利假陈皮,https://www.toutiao.com/trending/7582792396368330758/,www.toutiao.com
付鹏：前瞻2026市场核心主线——关注美债利率曲线与AI应用落地的三种可能【付鹏说13】,https://wallstreetcn.com/premium/articles/3761351?layout=wscn-layout,wallstreetcn.com
原来如此｜在无知的迷雾中探索：凯恩斯革命与现代经济学,https://m.thepaper.cn/newsDetail_forward_32120417,m.thepaper.cn
美国276斤死刑犯行刑前点奢华盛宴,https://s.weibo.com/weibo?q=%23%E7%BE%8E%E5%9B%BD276%E6%96%A4%E6%AD%BB%E5%88%91%E7%8A%AF%E8%A1%8C%E5%88%91%E5%89%8D%E7%82%B9%E5%A5%A2%E5%8D%8E%E7%9B%9B%E5%AE%B4%23&t=31&band_rank=8&Refer=top,s.weibo.com
如何看待被誉为古典第一美女的何晴去世？,https://www.zhihu.com/question/1983513217830515615,www.zhihu.com
小洛熙事件手术监控摄像配置合规,https://s.weibo.com/weibo?q=%23%E5%B0%8F%E6%B4%9B%E7%86%99%E4%BA%8B%E4%BB%B6%E6%89%8B%E6%9C%AF%E7%9B%91%E6%8E%A7%E6%91%84%E5%83%8F%E9%85%8D%E7%BD%AE%E5%90%88%E8%A7%84%23&t=31&band_rank=9&Refer=top,s.weibo.com
王曼昱收获1500冠军积分和8万美元,https://s.weibo.com/weibo?q=%23%E7%8E%8B%E6%9B%BC%E6%98%B1%E6%94%B6%E8%8E%B71500%E5%86%A0%E5%86%9B%E7%A7%AF%E5%88%86%E5%92%8C8%E4%B8%87%E7%BE%8E%E5%85%83%23&t=31&band_rank=9&Refer=top,s.weibo.com
张本智和4比2击败莫雷加德夺冠,https://www.baidu.com/s?wd=%E5%BC%A0%E6%9C%AC%E6%99%BA%E5%92%8C4%E6%AF%942%E5%87%BB%E8%B4%A5%E8%8E%AB%E9%9B%B7%E5%8A%A0%E5%BE%B7%E5%A4%BA%E5%86%A0,www.baidu.com
澳洲枪击案枪手被击毙画面曝光,https://www.baidu.com/s?wd=%E6%BE%B3%E6%B4%B2%E6%9E%AA%E5%87%BB%E6%A1%88%E6%9E%AA%E6%89%8B%E8%A2%AB%E5%87%BB%E6%AF%99%E7%94%BB%E9%9D%A2%E6%9B%9D%E5%85%89,www.baidu.com
T1夺冠,https://s.weibo.com/weibo?q=T1%E5%A4%BA%E5%86%A0&t=31&band_rank=10&Refer=top,s.weibo.com
泰柬局势究竟发展到了哪一步,https://www.toutiao.com/trending/7583701937799826971/,www.toutiao.com
王楚钦因伤退赛,https://search.bilibili.com/all?keyword=%E7%8E%8B%E6%A5%9A%E9%92%A6%E5%9B%A0%E4%BC%A4%E9%80%80%E8%B5%9B,search.bilibili.com
累计金额超1375亿！1468家A股上市公司今年以来实施回购，个股回购额排行榜出炉,https://www.cls.cn/detail/2228748,www.cls.cn
请流星雨收下我的年终愿望,https://www.douyin.com/hot/2335770,www.douyin.com
为什么人类要在食物中加盐，而动物却不需要呢？动物也要吃盐吗？,https://www.zhihu.com/question/1982144824145627131,www.zhihu.com
上海85岁爷叔让钢锯“开口”,https://www.baidu.com/s?wd=%E4%B8%8A%E6%B5%B785%E5%B2%81%E7%88%B7%E5%8F%94%E8%AE%A9%E9%92%A2%E9%94%AF%E2%80%9C%E5%BC%80%E5%8F%A3%E2%80%9D,www.baidu.com
3名美方人员遇袭死亡，特朗普誓言报复,https://www.cls.cn/detail/2228813,www.cls.cn
狙击蝴蝶热度,https://s.weibo.com/weibo?q=%E7%8B%99%E5%87%BB%E8%9D%B4%E8%9D%B6%E7%83%AD%E5%BA%A6&t=31&band_rank=12&Refer=top,s.weibo.com
如何评价齐泽克新书《量子历史：一种新唯物主义哲学》？,https://www.zhihu.com/question/1979821491852965407,www.zhihu.com
女子胸罩藏违禁品进京被刑拘,https://www.toutiao.com/trending/7583630405774655514/,www.toutiao.com
悉尼两枪手与警方交火画面曝光,https://www.toutiao.com/trending/7583787660678827561/,www.toutiao.com
江西上饶通报：望仙谷景区明火已被扑灭，无人员伤亡,https://m.thepaper.cn/newsDetail_forward_32173395,m.thepaper.cn
AG获得2025CFS总冠军,https://search.bilibili.com/all?keyword=AG%E8%8E%B7%E5%BE%972025CFS%E6%80%BB%E5%86%A0%E5%86%9B,search.bilibili.com
预计2026年商业航天业务营收实现较快增长 商业航天概念股20CM涨停 本周机构密集调研相关上市公司,https://www.cls.cn/detail/2229039,www.cls.cn
4300万网红刘二狗泳池直播被指擦边,https://s.weibo.com/weibo?q=%234300%E4%B8%87%E7%BD%91%E7%BA%A2%E5%88%98%E4%BA%8C%E7%8B%97%E6%B3%B3%E6%B1%A0%E7%9B%B4%E6%92%AD%E8%A2%AB%E6%8C%87%E6%93%A6%E8%BE%B9%23&t=31&band_rank=13&Refer=top,s.weibo.com
谢尔比大爷去世,https://www.douyin.com/hot/2336382,www.douyin.com
年底微胖女生体面穿搭,https://www.douyin.com/hot/2336134,www.douyin.com
狗狗会记得自己的父母吗？,https://www.zhihu.com/question/375222518,www.zhihu.com
为什么说石墨烯在发现前被认为是不可能存在的？,https://www.zhihu.com/question/35274237,www.zhihu.com
乒协回应孙颖莎王楚钦退赛,https://www.toutiao.com/trending/7582710428178890758/,www.toutiao.com
泰柬最大陆路口岸关闭大量民众滞留,https://www.toutiao.com/trending/7583376677699636779/,www.toutiao.com
景区回应演员太敬业被冻成“冰雕”,https://www.baidu.com/s?wd=%E6%99%AF%E5%8C%BA%E5%9B%9E%E5%BA%94%E6%BC%94%E5%91%98%E5%A4%AA%E6%95%AC%E4%B8%9A%E8%A2%AB%E5%86%BB%E6%88%90%E2%80%9C%E5%86%B0%E9%9B%95%E2%80%9D,www.baidu.com
航天人看小龙虾洗澡找到灵感,https://www.baidu.com/s?wd=%E8%88%AA%E5%A4%A9%E4%BA%BA%E7%9C%8B%E5%B0%8F%E9%BE%99%E8%99%BE%E6%B4%97%E6%BE%A1%E6%89%BE%E5%88%B0%E7%81%B5%E6%84%9F,www.baidu.com
肖战一把蒲扇摇出矜贵公子与糙汉钳工,https://s.weibo.com/weibo?q=%E8%82%96%E6%88%98%E4%B8%80%E6%8A%8A%E8%92%B2%E6%89%87%E6%91%87%E5%87%BA%E7%9F%9C%E8%B4%B5%E5%85%AC%E5%AD%90%E4%B8%8E%E7%B3%99%E6%B1%89%E9%92%B3%E5%B7%A5&t=31&band_rank=14&Refer=top,s.weibo.com
陈泽杯表演赛,https://www.douyin.com/hot/2336084,www.douyin.com
在银川急头白脸吃顿麻辣烫多少钱,https://www.douyin.com/hot/2336543,www.douyin.com
智利今天选出新总统，TA可能没有“蜜月”只有“三座大山”,https://m.thepaper.cn/newsDetail_forward_32154042,m.thepaper.cn
陈妍希 香奈儿老了还是香奈儿,https://s.weibo.com/weibo?q=%E9%99%88%E5%A6%8D%E5%B8%8C%20%E9%A6%99%E5%A5%88%E5%84%BF%E8%80%81%E4%BA%86%E8%BF%98%E6%98%AF%E9%A6%99%E5%A5%88%E5%84%BF&t=31&band_rank=15&Refer=top,s.weibo.com
如何评价评论员邱建新力挺张水华，认为医院对张的处罚值得商榷，并且有选择性处罚的嫌疑？,https://www.zhihu.com/question/1983471802853384739,www.zhihu.com
悉尼犹太夫妇枪手眼皮底下躲过枪击,https://www.toutiao.com/trending/7583652240410984454/,www.toutiao.com
一碗木薯糖水为什么能“迷昏”人,https://www.baidu.com/s?wd=%E4%B8%80%E7%A2%97%E6%9C%A8%E8%96%AF%E7%B3%96%E6%B0%B4%E4%B8%BA%E4%BB%80%E4%B9%88%E8%83%BD%E2%80%9C%E8%BF%B7%E6%98%8F%E2%80%9D%E4%BA%BA,www.baidu.com
悉尼犹太夫妇枪手眼皮底下躲过枪击,https://www.baidu.com/s?wd=%E6%82%89%E5%B0%BC%E7%8A%B9%E5%A4%AA%E5%A4%AB%E5%A6%87%E6%9E%AA%E6%89%8B%E7%9C%BC%E7%9A%AE%E5%BA%95%E4%B8%8B%E8%BA%B2%E8%BF%87%E6%9E%AA%E5%87%BB,www.baidu.com
JDG止步16强,https://s.weibo.com/weibo?q=%23JDG%E6%AD%A2%E6%AD%A516%E5%BC%BA%23&t=31&band_rank=16&Refer=top,s.weibo.com
水龙吟,https://s.weibo.com/weibo?q=%E6%B0%B4%E9%BE%99%E5%90%9F&t=31&band_rank=16&Refer=top,s.weibo.com
AG获得2025CFS总冠军,https://www.douyin.com/hot/2336482,www.douyin.com
香港住宅成交量创四年来新高，2026 年楼价可能上涨 5% ，对内地楼市有何启示？,https://www.zhihu.com/question/1982400772273612404,www.zhihu.com
冬天到底多久洗一次澡,https://www.toutiao.com/trending/7582720560476618806/,www.toutiao.com
朱雀三号回收失败原因,https://search.bilibili.com/all?keyword=%E6%9C%B1%E9%9B%80%E4%B8%89%E5%8F%B7%E5%9B%9E%E6%94%B6%E5%A4%B1%E8%B4%A5%E5%8E%9F%E5%9B%A0,search.bilibili.com
为什么地级市不改称郡或者府？,https://www.zhihu.com/question/379122618,www.zhihu.com
护士称实测发现电子体温计几乎没有误差，觉得它不准是使用方法导致的错觉，是这样吗？应该怎样正确使用？,https://www.zhihu.com/question/1982722255952770234,www.zhihu.com
澳洲邦迪海滩枪击事件致12死,https://www.toutiao.com/trending/7583630551001845274/,www.toutiao.com
樊振东德甲获胜举拍转圈回应观众,https://www.toutiao.com/trending/7583299969030668307/,www.toutiao.com
国安部：非必要不授予App位置权限,https://www.baidu.com/s?wd=%E5%9B%BD%E5%AE%89%E9%83%A8%EF%BC%9A%E9%9D%9E%E5%BF%85%E8%A6%81%E4%B8%8D%E6%8E%88%E4%BA%88App%E4%BD%8D%E7%BD%AE%E6%9D%83%E9%99%90,www.baidu.com
WTT 香港总决赛男单半决赛，林诗栋 3-4 不敌张本智和无缘决赛，如何评价这场比赛？,https://www.zhihu.com/question/1983546628490097459,www.zhihu.com
你觉得目前影视市场观众想看但是又稀缺的题材是什么？,https://www.zhihu.com/question/1978796311651296256,www.zhihu.com
美军命丧叙利亚 到底谁的锅,https://www.baidu.com/s?wd=%E7%BE%8E%E5%86%9B%E5%91%BD%E4%B8%A7%E5%8F%99%E5%88%A9%E4%BA%9A+%E5%88%B0%E5%BA%95%E8%B0%81%E7%9A%84%E9%94%85,www.baidu.com
周深用全部身家留下给粉丝的歌,https://s.weibo.com/weibo?q=%E5%91%A8%E6%B7%B1%E7%94%A8%E5%85%A8%E9%83%A8%E8%BA%AB%E5%AE%B6%E7%95%99%E4%B8%8B%E7%BB%99%E7%B2%89%E4%B8%9D%E7%9A%84%E6%AD%8C&t=31&band_rank=19&Refer=top,s.weibo.com
外媒：C罗将成利雅得胜利股东,https://www.douyin.com/hot/2335947,www.douyin.com
小红书最短命项目「小红卡」3 个月关停，商家斥责「交钱后没人管」，问题可能出在哪里？,https://www.zhihu.com/question/1982049641039094809,www.zhihu.com
为什么黛玉不劝宝玉学习？,https://www.zhihu.com/question/658760566,www.zhihu.com
女子获赠姑姑房产 因父亲隐瞒痛失,https://www.toutiao.com/trending/7583322526365843475/,www.toutiao.com
悉尼枪击事件已造成12人死亡,https://www.baidu.com/s?wd=%E6%82%89%E5%B0%BC%E6%9E%AA%E5%87%BB%E4%BA%8B%E4%BB%B6%E5%B7%B2%E9%80%A0%E6%88%9012%E4%BA%BA%E6%AD%BB%E4%BA%A1,www.baidu.com
俄一军用运输机坠毁 事发画面公布,https://www.baidu.com/s?wd=%E4%BF%84%E4%B8%80%E5%86%9B%E7%94%A8%E8%BF%90%E8%BE%93%E6%9C%BA%E5%9D%A0%E6%AF%81+%E4%BA%8B%E5%8F%91%E7%94%BB%E9%9D%A2%E5%85%AC%E5%B8%83,www.baidu.com
现场丨澳大利亚犹太节日发生大规模枪案，已致10死，枪手行凶画面曝光,https://m.thepaper.cn/newsDetail_forward_32175283,m.thepaper.cn
铁路清雪车有流浪地球那味了,https://s.weibo.com/weibo?q=%23%E9%93%81%E8%B7%AF%E6%B8%85%E9%9B%AA%E8%BD%A6%E6%9C%89%E6%B5%81%E6%B5%AA%E5%9C%B0%E7%90%83%E9%82%A3%E5%91%B3%E4%BA%86%23&t=31&band_rank=20&Refer=top,s.weibo.com
澳大利亚路人大爷徒手夺枪,https://s.weibo.com/weibo?q=%E6%BE%B3%E5%A4%A7%E5%88%A9%E4%BA%9A%E8%B7%AF%E4%BA%BA%E5%A4%A7%E7%88%B7%E5%BE%92%E6%89%8B%E5%A4%BA%E6%9E%AA&t=31&band_rank=20&Refer=top,s.weibo.com
这熟悉感是谁的DNA动了,https://www.douyin.com/hot/2334956,www.douyin.com
量化交易能完全替代主观交易吗？,https://www.zhihu.com/question/654601780,www.zhihu.com
何晴生前坚持健身打拳,https://www.toutiao.com/trending/7583543815085277230/,www.toutiao.com
单机游戏 玩家清汤大老爷定律,https://search.bilibili.com/all?keyword=%E5%8D%95%E6%9C%BA%E6%B8%B8%E6%88%8F%20%E7%8E%A9%E5%AE%B6%E6%B8%85%E6%B1%A4%E5%A4%A7%E8%80%81%E7%88%B7%E5%AE%9A%E5%BE%8B,search.bilibili.com
郭碧婷爸爸发文感谢女儿婆家,https://s.weibo.com/weibo?q=%23%E9%83%AD%E7%A2%A7%E5%A9%B7%E7%88%B8%E7%88%B8%E5%8F%91%E6%96%87%E6%84%9F%E8%B0%A2%E5%A5%B3%E5%84%BF%E5%A9%86%E5%AE%B6%23&t=31&band_rank=21&Refer=top,s.weibo.com
滇超联赛风风我啊羞死了,https://www.douyin.com/hot/2336301,www.douyin.com
结婚14年被家暴13年女子：追究丈夫刑责,https://www.toutiao.com/trending/7582959322234978355/,www.toutiao.com
向太回应好婆婆形象崩塌,https://www.toutiao.com/trending/7583211126205661211/,www.toutiao.com
王曼昱卫冕WTT总决赛女单冠军,https://www.baidu.com/s?wd=%E7%8E%8B%E6%9B%BC%E6%98%B1%E5%8D%AB%E5%86%95WTT%E6%80%BB%E5%86%B3%E8%B5%9B%E5%A5%B3%E5%8D%95%E5%86%A0%E5%86%9B,www.baidu.com
疯狂动物城2角色原型,https://search.bilibili.com/all?keyword=%E7%96%AF%E7%8B%82%E5%8A%A8%E7%89%A9%E5%9F%8E2%E8%A7%92%E8%89%B2%E5%8E%9F%E5%9E%8B,search.bilibili.com
蟹二摇卡点有点上头,https://www.douyin.com/hot/2335739,www.douyin.com
北京同仁堂磷虾油涉嫌造假将被约谈,https://www.toutiao.com/trending/7583597289181315135/,www.toutiao.com
悉尼枪击亲历者：察觉不对所有人狂奔,https://www.baidu.com/s?wd=%E6%82%89%E5%B0%BC%E6%9E%AA%E5%87%BB%E4%BA%B2%E5%8E%86%E8%80%85%EF%BC%9A%E5%AF%9F%E8%A7%89%E4%B8%8D%E5%AF%B9%E6%89%80%E6%9C%89%E4%BA%BA%E7%8B%82%E5%A5%94,www.baidu.com
许亚军何晴儿子不久前才亮相杂志,https://www.douyin.com/hot/2336151,www.douyin.com
11岁学生被车撞飞 货车直接驶离,https://www.baidu.com/s?wd=11%E5%B2%81%E5%AD%A6%E7%94%9F%E8%A2%AB%E8%BD%A6%E6%92%9E%E9%A3%9E+%E8%B4%A7%E8%BD%A6%E7%9B%B4%E6%8E%A5%E9%A9%B6%E7%A6%BB,www.baidu.com
“跑马”的人都开始“跑山”了,https://www.baidu.com/s?wd=%E2%80%9C%E8%B7%91%E9%A9%AC%E2%80%9D%E7%9A%84%E4%BA%BA%E9%83%BD%E5%BC%80%E5%A7%8B%E2%80%9C%E8%B7%91%E5%B1%B1%E2%80%9D%E4%BA%86,www.baidu.com
韩立单杀慕兰上师,https://search.bilibili.com/all?keyword=%E9%9F%A9%E7%AB%8B%E5%8D%95%E6%9D%80%E6%85%95%E5%85%B0%E4%B8%8A%E5%B8%88,search.bilibili.com
33应该是年度最佳独立游戏吗,https://search.bilibili.com/all?keyword=33%E5%BA%94%E8%AF%A5%E6%98%AF%E5%B9%B4%E5%BA%A6%E6%9C%80%E4%BD%B3%E7%8B%AC%E7%AB%8B%E6%B8%B8%E6%88%8F%E5%90%97,search.bilibili.com
尚公主,https://s.weibo.com/weibo?q=%E5%B0%9A%E5%85%AC%E4%B8%BB&t=31&band_rank=24&Refer=top,s.weibo.com
李现发布自己拍的雪后故宫,https://www.toutiao.com/trending/7583415120651501604/,www.toutiao.com
南京古石仍被压在日本“和平塔”下,https://www.toutiao.com/trending/7583500462188429331/,www.toutiao.com
乒协回应孙颖莎王楚钦因伤退赛,https://s.weibo.com/weibo?q=%23%E4%B9%92%E5%8D%8F%E5%9B%9E%E5%BA%94%E5%AD%99%E9%A2%96%E8%8E%8E%E7%8E%8B%E6%A5%9A%E9%92%A6%E5%9B%A0%E4%BC%A4%E9%80%80%E8%B5%9B%23&t=31&band_rank=25&Refer=top,s.weibo.com
魏大勋跳舞空气感 不愧JYP出来的,https://s.weibo.com/weibo?q=%E9%AD%8F%E5%A4%A7%E5%8B%8B%E8%B7%B3%E8%88%9E%E7%A9%BA%E6%B0%94%E6%84%9F%20%E4%B8%8D%E6%84%A7JYP%E5%87%BA%E6%9D%A5%E7%9A%84&t=31&band_rank=25&Refer=top,s.weibo.com
送别一代女神何晴,https://www.douyin.com/hot/2336137,www.douyin.com
广东发布省管干部任前公示,https://www.toutiao.com/trending/7583670888874016806/,www.toutiao.com
生娃基本不花钱能否激发生育意愿,https://www.toutiao.com/trending/7583584912846884394/,www.toutiao.com
中方谈刚果（金）局势：必须立即停火,https://www.baidu.com/s?wd=%E4%B8%AD%E6%96%B9%E8%B0%88%E5%88%9A%E6%9E%9C%EF%BC%88%E9%87%91%EF%BC%89%E5%B1%80%E5%8A%BF%EF%BC%9A%E5%BF%85%E9%A1%BB%E7%AB%8B%E5%8D%B3%E5%81%9C%E7%81%AB,www.baidu.com
泰柬最大陆路口岸关闭 大量民众滞留,https://www.baidu.com/s?wd=%E6%B3%B0%E6%9F%AC%E6%9C%80%E5%A4%A7%E9%99%86%E8%B7%AF%E5%8F%A3%E5%B2%B8%E5%85%B3%E9%97%AD+%E5%A4%A7%E9%87%8F%E6%B0%91%E4%BC%97%E6%BB%9E%E7%95%99,www.baidu.com
衡水模式是培养还是筛选,https://search.bilibili.com/all?keyword=%E8%A1%A1%E6%B0%B4%E6%A8%A1%E5%BC%8F%E6%98%AF%E5%9F%B9%E5%85%BB%E8%BF%98%E6%98%AF%E7%AD%9B%E9%80%89,search.bilibili.com
某某某大底的神,https://s.weibo.com/weibo?q=%E6%9F%90%E6%9F%90%E6%9F%90%E5%A4%A7%E5%BA%95%E7%9A%84%E7%A5%9E&t=31&band_rank=26&Refer=top,s.weibo.com
请问这在挖山药还是在考古,https://www.douyin.com/hot/2335921,www.douyin.com
湖人再次兜售克内克特,https://www.douyin.com/hot/2335886,www.douyin.com
俄对乌动用高超音速导弹报复性打击,https://www.baidu.com/s?wd=%E4%BF%84%E5%AF%B9%E4%B9%8C%E5%8A%A8%E7%94%A8%E9%AB%98%E8%B6%85%E9%9F%B3%E9%80%9F%E5%AF%BC%E5%BC%B9%E6%8A%A5%E5%A4%8D%E6%80%A7%E6%89%93%E5%87%BB,www.baidu.com
王金平从政50年将办感恩宴,https://www.baidu.com/s?wd=%E7%8E%8B%E9%87%91%E5%B9%B3%E4%BB%8E%E6%94%BF50%E5%B9%B4%E5%B0%86%E5%8A%9E%E6%84%9F%E6%81%A9%E5%AE%B4,www.baidu.com
何晴去世 曾演遍四大名著,https://search.bilibili.com/all?keyword=%E4%BD%95%E6%99%B4%E5%8E%BB%E4%B8%96%20%E6%9B%BE%E6%BC%94%E9%81%8D%E5%9B%9B%E5%A4%A7%E5%90%8D%E8%91%97,search.bilibili.com
无双 不开龙,https://s.weibo.com/weibo?q=%E6%97%A0%E5%8F%8C%20%E4%B8%8D%E5%BC%80%E9%BE%99&t=31&band_rank=27&Refer=top,s.weibo.com
茅台停货将有何影响,https://search.bilibili.com/all?keyword=%E8%8C%85%E5%8F%B0%E5%81%9C%E8%B4%A7%E5%B0%86%E6%9C%89%E4%BD%95%E5%BD%B1%E5%93%8D,search.bilibili.com
樊振东弗朗西斯卡出战双打,https://s.weibo.com/weibo?q=%23%E6%A8%8A%E6%8C%AF%E4%B8%9C%E5%BC%97%E6%9C%97%E8%A5%BF%E6%96%AF%E5%8D%A1%E5%87%BA%E6%88%98%E5%8F%8C%E6%89%93%23&t=31&band_rank=28&Refer=top,s.weibo.com
泰国战斗机轰炸酒店大楼,https://s.weibo.com/weibo?q=%23%E6%B3%B0%E5%9B%BD%E6%88%98%E6%96%97%E6%9C%BA%E8%BD%B0%E7%82%B8%E9%85%92%E5%BA%97%E5%A4%A7%E6%A5%BC%23&t=31&band_rank=28&Refer=top,s.weibo.com
圣诞鸡公煲出自动摇了,https://www.douyin.com/hot/2336295,www.douyin.com
邬挺嘉劈叉投篮将扑防的徐杰绊出场外,https://www.toutiao.com/trending/7583689624441077779/,www.toutiao.com
2026年元旦放假3天,https://www.toutiao.com/trending/7583607027252281380/,www.toutiao.com
卡斯特赢得智利总统选举,https://www.baidu.com/s?wd=%E5%8D%A1%E6%96%AF%E7%89%B9%E8%B5%A2%E5%BE%97%E6%99%BA%E5%88%A9%E6%80%BB%E7%BB%9F%E9%80%89%E4%B8%BE,www.baidu.com
东部战区发布战歌 大刀进行曲,https://search.bilibili.com/all?keyword=%E4%B8%9C%E9%83%A8%E6%88%98%E5%8C%BA%E5%8F%91%E5%B8%83%E6%88%98%E6%AD%8C%20%E5%A4%A7%E5%88%80%E8%BF%9B%E8%A1%8C%E6%9B%B2,search.bilibili.com
以色列提醒海外公民警惕,https://s.weibo.com/weibo?q=%23%E4%BB%A5%E8%89%B2%E5%88%97%E6%8F%90%E9%86%92%E6%B5%B7%E5%A4%96%E5%85%AC%E6%B0%91%E8%AD%A6%E6%83%95%23&t=31&band_rank=29&Refer=top,s.weibo.com
RW战胜JDG,https://www.douyin.com/hot/2336698,www.douyin.com
少林武术馆6岁小孩哥气场全开,https://www.toutiao.com/trending/7582594166652321798/,www.toutiao.com
印度警长：梅西印度行退款程序启动,https://www.toutiao.com/trending/7583629537075593270/,www.toutiao.com
泽连斯基：不会固守总统职位,https://www.baidu.com/s?wd=%E6%B3%BD%E8%BF%9E%E6%96%AF%E5%9F%BA%EF%BC%9A%E4%B8%8D%E4%BC%9A%E5%9B%BA%E5%AE%88%E6%80%BB%E7%BB%9F%E8%81%8C%E4%BD%8D,www.baidu.com
"宝妈狠活赚流量,塞儿入袋玩窒息",https://tieba.baidu.com/hottopic/browse/hottopic?topic_id=28347927&amp;topic_name=%E5%AE%9D%E5%A6%88%E7%8B%A0%E6%B4%BB%E8%B5%9A%E6%B5%81%E9%87%8F%2C%E5%A1%9E%E5%84%BF%E5%85%A5%E8%A2%8B%E7%8E%A9%E7%AA%92%E6%81%AF,tieba.baidu.com
王俊凯话剧收官,https://s.weibo.com/weibo?q=%E7%8E%8B%E4%BF%8A%E5%87%AF%E8%AF%9D%E5%89%A7%E6%94%B6%E5%AE%98&t=31&band_rank=30&Refer=top,s.weibo.com
女演员何晴去世,https://www.douyin.com/hot/2335883,www.douyin.com
Donk生气离场,https://www.douyin.com/hot/2335902,www.douyin.com
